"ZONE_CODE","CIRCLE_CODE","WARD_CODE","ZONE_NAME","CIRCLE_NAME","WARD_NAME"
RJZ001,RJC007,RJ313,Ajmer,Circle-A Ajmer,"Circle-A, Ajmer - Ward-I"
RJZ001,RJC007,RJ314,Ajmer,Circle-A Ajmer,"Circle-A, Ajmer - Ward-II"
RJZ001,RJC007,RJ492,Ajmer,Circle-A Ajmer,"Circle-A, Ajmer, AC / CTO Ward"
RJZ001,RJC008,RJ316,Ajmer,Circle-A Beawar,"Circle-A, Beawar - Ward-I"
RJZ001,RJC008,RJ317,Ajmer,Circle-A Beawar,"Circle-A, Beawar - Ward-II"
RJZ001,RJC008,RJ494,Ajmer,Circle-A Beawar,"Circle-A, Beawar, AC / CTO Ward"
RJZ001,RJC009,RJ318,Ajmer,Circle-B Ajmer,"Circle-B, Ajmer - Ward-I"
RJZ001,RJC009,RJ319,Ajmer,Circle-B Ajmer,"Circle-B, Ajmer - Ward-II"
RJZ001,RJC009,RJ493,Ajmer,Circle-B Ajmer,"Circle-B, Ajmer, AC / CTO Ward"
RJZ001,RJC010,RJ321,Ajmer,Circle-B Beawar,"Circle-B, Beawar - Ward-I Headquarter, Kekri"
RJZ001,RJC010,RJ322,Ajmer,Circle-B Beawar,"Circle-B, Beawar - Ward-II Headquarter, Vijaynagar"
RJZ001,RJC010,RJ323,Ajmer,Circle-B Beawar,"Circle-B, Beawar - Ward-III"
RJZ001,RJC010,RJ495,Ajmer,Circle-B Beawar,"Circle-B, Beawar, AC / CTO Ward"
RJZ001,RJC175,RJ651,Ajmer,Circle-C Ajmer,"Circle-C, Ajmer - Ward-I"
RJZ001,RJC175,RJ652,Ajmer,Circle-C Ajmer,"Circle-C, Ajmer - Ward-II"
RJZ001,RJC175,RJ650,Ajmer,Circle-C Ajmer,"Circle-C, Ajmer, AC / CTO Ward"
RJZ001,RJC001,RJ007,Ajmer,Circle-Kishangarh,Circle - Kishangarh - Ward-I
RJZ001,RJC001,RJ008,Ajmer,Circle-Kishangarh,Circle - Kishangarh - Ward-II
RJZ001,RJC001,RJ009,Ajmer,Circle-Kishangarh,Circle - Kishangarh - Ward-III
RJZ001,RJC001,RJ010,Ajmer,Circle-Kishangarh,Circle - Kishangarh - Ward-IV
RJZ001,RJC001,RJ011,Ajmer,Circle-Kishangarh,Circle - Kishangarh - Ward-V
RJZ001,RJC001,RJ496,Ajmer,Circle-Kishangarh,"Circle - Kishangarh, AC / CTO Ward"
RJZ001,RJC002,RJ014,Ajmer,Circle-Makrana,Circle - Makrana - Ward-I
RJZ001,RJC002,RJ015,Ajmer,Circle-Makrana,Circle - Makrana - Ward-II
RJZ001,RJC002,RJ016,Ajmer,Circle-Makrana,Circle - Makrana - Ward-III
RJZ001,RJC002,RJ017,Ajmer,Circle-Makrana,Circle - Makrana - Ward-IV
RJZ001,RJC002,RJ497,Ajmer,Circle-Makrana,"Circle - Makrana, AC / CTO Ward"
RJZ001,RJC003,RJ020,Ajmer,Circle-Merta City,Circle - Merta City - Ward-I
RJZ001,RJC003,RJ021,Ajmer,Circle-Merta City,Circle - Merta City - Ward-II
RJZ001,RJC003,RJ499,Ajmer,Circle-Merta City,"Circle - Merta City, AC / CTO Ward"
RJZ001,RJC004,RJ022,Ajmer,Circle-Nagaur,Circle - Nagaur - Ward-I
RJZ001,RJC004,RJ023,Ajmer,Circle-Nagaur,Circle - Nagaur - Ward-II
RJZ001,RJC004,RJ024,Ajmer,Circle-Nagaur,Circle - Nagaur - Ward-III
RJZ001,RJC004,RJ025,Ajmer,Circle-Nagaur,Circle - Nagaur - Ward-IV
RJZ001,RJC004,RJ498,Ajmer,Circle-Nagaur,"Circle - Nagaur, AC / CTO Ward"
RJZ002,RJC014,RJ001,Alwar,Circle-A Alwar,"Circle - A, Alwar - Ward-I"
RJZ002,RJC014,RJ002,Alwar,Circle-A Alwar,"Circle - A, Alwar - Ward-II"
RJZ002,RJC014,RJ003,Alwar,Circle-A Alwar,"Circle - A, Alwar - Ward-III"
RJZ002,RJC014,RJ500,Alwar,Circle-A Alwar,"Circle - A, Alwar, AC / CTO Ward"
RJZ002,RJC019,RJ096,Alwar,Circle-B Alwar,"Circle-B, Alwar - Ward-I"
RJZ002,RJC019,RJ097,Alwar,Circle-B Alwar,"Circle-B, Alwar - Ward-II"
RJZ002,RJC019,RJ099,Alwar,Circle-B Alwar,"Circle-B, Alwar - Ward-III Headquarter, Khairthal"
RJZ002,RJC019,RJ501,Alwar,Circle-B Alwar,"Circle-B, Alwar, AC / CTO Ward"
RJZ002,RJC176,RJ654,Alwar,Circle-C Alwar,"Circle-C, Alwar - Ward-I"
RJZ002,RJC176,RJ655,Alwar,Circle-C Alwar,"Circle-C, Alwar - Ward-II"
RJZ002,RJC176,RJ656,Alwar,Circle-C Alwar,"Circle-C, Alwar - Ward-Iii"
RJZ002,RJC176,RJ653,Alwar,Circle-C Alwar,"Circle-C, Alwar, AC / CTO Ward"
RJZ002,RJC177,RJ658,Alwar,Circle-Dausa,Circle-Dausa - Ward-I
RJZ002,RJC177,RJ659,Alwar,Circle-Dausa,Circle-Dausa - Ward-II 
RJZ002,RJC177,RJ660,Alwar,Circle-Dausa,Circle-Dausa - Ward-III
RJZ002,RJC177,RJ661,Alwar,Circle-Dausa,"Circle-Dausa - Ward-IV Headquarter, Mahuwa"
RJZ002,RJC177,RJ657,Alwar,Circle-Dausa,"Circle-Dausa, AC / CTO Ward"
RJZ003,RJC029,RJ056,Bharatpur,Circle-A Bharatpur,"Circle-A, Bharatpur - Ward-I"
RJZ003,RJC029,RJ058,Bharatpur,Circle-A Bharatpur,"Circle-A, Bharatpur - Ward-II"
RJZ003,RJC029,RJ057,Bharatpur,Circle-A Bharatpur,"Circle-A, Bharatpur - Ward-III Headquarter, Deeg"
RJZ003,RJC029,RJ505,Bharatpur,Circle-A Bharatpur,"Circle-A, Bharatpur, AC / CTO Ward"
RJZ003,RJC030,RJ100,Bharatpur,Circle-B Bharatpur,"Circle-B, Bharatpur - Ward-I"
RJZ003,RJC030,RJ102,Bharatpur,Circle-B Bharatpur,"Circle-B, Bharatpur - Ward-II "
RJZ003,RJC030,RJ101,Bharatpur,Circle-B Bharatpur,"Circle-B, Bharatpur - Ward-III Headquarter, Bayana"
RJZ003,RJC030,RJ506,Bharatpur,Circle-B Bharatpur,"Circle-B, Bharatpur, AC / CTO Ward"
RJZ003,RJC026,RJ006,Bharatpur,Circle-Dholpur,Circle - Dholpur - Ward-I
RJZ003,RJC026,RJ005,Bharatpur,Circle-Dholpur,"Circle - Dholpur - Ward-II Headquarter, Badi"
RJZ003,RJC026,RJ507,Bharatpur,Circle-Dholpur,"Circle - Dholpur, AC / CTO Ward"
RJZ003,RJC031,RJ214,Bharatpur,Circle-Gangapur City,Circle-Gangapur City - Ward-1
RJZ003,RJC031,RJ508,Bharatpur,Circle-Gangapur City,"Circle-Gangapur City, AC / CTO Ward"
RJZ003,RJC032,RJ256,Bharatpur,Circle-Karauli,Circle-Karauli - Ward-I
RJZ003,RJC032,RJ257,Bharatpur,Circle-Karauli,"Circle-Karauli - Ward-II Headquarter, Hindaun"
RJZ003,RJC032,RJ258,Bharatpur,Circle-Karauli,"Circle-Karauli - Ward-III Headquarter, Hindaun"
RJZ003,RJC032,RJ509,Bharatpur,Circle-Karauli,"Circle-Karauli, AC / CTO Ward"
RJZ003,RJC179,RJ665,Bharatpur,Circle-Swaimadhopur,Circle-Swaimadhopur - Ward-I
RJZ003,RJC179,RJ664,Bharatpur,Circle-Swaimadhopur,"Circle-Swaimadhopur, AC / CTO Ward"
RJZ003,RJC179,RJ666,Bharatpur,Circle-Swaimadhopur,Circle-Swaimadhopur- Ward-II
RJZ004,RJC040,RJ175,Bhilwara,Circle Chittorgarh,Circle-Chittorgarh - Ward-I
RJZ004,RJC040,RJ176,Bhilwara,Circle Chittorgarh,Circle-Chittorgarh - Ward-II
RJZ004,RJC040,RJ177,Bhilwara,Circle Chittorgarh,Circle-Chittorgarh - Ward-III
RJZ004,RJC040,RJ513,Bhilwara,Circle Chittorgarh,"Circle-Chittorgarh, AC / CTO Ward"
RJZ004,RJC182,RJ673,Bhilwara,Circle Nimbahera,Circle-Nimbahera - Ward-I 
RJZ004,RJC182,RJ674,Bhilwara,Circle Nimbahera,Circle-Nimbahera - Ward-II
RJZ004,RJC182,RJ675,Bhilwara,Circle Nimbahera,Circle-Nimbahera - Ward-III
RJZ004,RJC182,RJ672,Bhilwara,Circle Nimbahera,"Circle-Nimbahera, AC / CTO Ward"
RJZ004,RJC041,RJ282,Bhilwara,Circle Pratapgarh,Circle-Pratapgarh - Ward-I
RJZ004,RJC041,RJ283,Bhilwara,Circle Pratapgarh,Circle-Pratapgarh - Ward-II
RJZ004,RJC041,RJ514,Bhilwara,Circle Pratapgarh,"Circle-Pratapgarh, AC / CTO Ward"
RJZ004,RJC037,RJ059,Bhilwara,Circle-A Bhilwara,"Circle-A, Bhilwara - Ward-I"
RJZ004,RJC037,RJ060,Bhilwara,Circle-A Bhilwara,"Circle-A, Bhilwara - Ward-II"
RJZ004,RJC037,RJ061,Bhilwara,Circle-A Bhilwara,"Circle-A, Bhilwara - Ward-III"
RJZ004,RJC037,RJ510,Bhilwara,Circle-A Bhilwara,"Circle-A, Bhilwara, AC / CTO Ward"
RJZ004,RJC183,RJ677,Bhilwara,Circle-A Rajsamand,"Circle-A, Rajsamand - Ward-I"
RJZ004,RJC183,RJ678,Bhilwara,Circle-A Rajsamand,"Circle-A, Rajsamand - Ward-II"
RJZ004,RJC183,RJ679,Bhilwara,Circle-A Rajsamand,"Circle-A, Rajsamand - Ward-III"
RJZ004,RJC183,RJ680,Bhilwara,Circle-A Rajsamand,"Circle-A, Rajsamand - Ward-IV"
RJZ004,RJC183,RJ676,Bhilwara,Circle-A Rajsamand,"Circle-A, Rajsamand, AC / CTO Ward"
RJZ004,RJC038,RJ103,Bhilwara,Circle-B Bhilwara,"Circle-B, Bhilwara - Ward-I"
RJZ004,RJC038,RJ104,Bhilwara,Circle-B Bhilwara,"Circle-B, Bhilwara - Ward-II"
RJZ004,RJC038,RJ105,Bhilwara,Circle-B Bhilwara,"Circle-B, Bhilwara - Ward-III"
RJZ004,RJC038,RJ511,Bhilwara,Circle-B Bhilwara,"Circle-B, Bhilwara, AC / CTO Ward"
RJZ004,RJC184,RJ682,Bhilwara,Circle-B Rajsamand,"Circle-B, Rajsamand - Ward-I"
RJZ004,RJC184,RJ683,Bhilwara,Circle-B Rajsamand,"Circle-B, Rajsamand - Ward-II"
RJZ004,RJC184,RJ684,Bhilwara,Circle-B Rajsamand,"Circle-B, Rajsamand - Ward-III"
RJZ004,RJC184,RJ681,Bhilwara,Circle-B Rajsamand,"Circle-B, Rajsamand, AC / CTO Ward"
RJZ004,RJC039,RJ152,Bhilwara,Circle-C Bhilwara,"Circle-C, Bhilwara - Ward-I"
RJZ004,RJC039,RJ153,Bhilwara,Circle-C Bhilwara,"Circle-C, Bhilwara - Ward-II"
RJZ004,RJC039,RJ512,Bhilwara,Circle-C Bhilwara,"Circle-C, Bhilwara, AC / CTO Ward"
RJZ004,RJC181,RJ670,Bhilwara,Circle-D Bhilwara,"Circle-D, Bhilwara - Ward-I"
RJZ004,RJC181,RJ671,Bhilwara,Circle-D Bhilwara,"Circle-D, Bhilwara - Ward-II"
RJZ004,RJC181,RJ669,Bhilwara,Circle-D Bhilwara,"Circle-D, Bhilwara, AC / CTO Ward"
RJZ015,RJC186,RJ688,Bhiwadi,Circle-A Bhiwadi,"Circle-A, Bhiwadi - Ward-I"
RJZ015,RJC186,RJ689,Bhiwadi,Circle-A Bhiwadi,"Circle-A, Bhiwadi - Ward-II"
RJZ015,RJC186,RJ687,Bhiwadi,Circle-A Bhiwadi,"Circle-A, Bhiwadi, AC / CTO Ward"
RJZ015,RJC187,RJ691,Bhiwadi,Circle-B  Bhiwadi,"Circle-B, Bhiwadi - Ward-I"
RJZ015,RJC187,RJ692,Bhiwadi,Circle-B  Bhiwadi,"Circle-B, Bhiwadi - Ward-II"
RJZ015,RJC187,RJ690,Bhiwadi,Circle-B  Bhiwadi,"Circle-B, Bhiwadi, AC / CTO Ward"
RJZ015,RJC188,RJ694,Bhiwadi,Circle-C  Bhiwadi,"Circle-C, Bhiwadi - Ward-I"
RJZ015,RJC188,RJ695,Bhiwadi,Circle-C  Bhiwadi,"Circle-C, Bhiwadi - Ward-II"
RJZ015,RJC188,RJ693,Bhiwadi,Circle-C  Bhiwadi,"Circle-C, Bhiwadi, AC / CTO Ward"
RJZ015,RJC189,RJ697,Bhiwadi,Circle-Shahjahanpur,Circle - Shahjahanpur - Ward-I
RJZ015,RJC189,RJ698,Bhiwadi,Circle-Shahjahanpur,Circle - Shahjahanpur - Ward-II
RJZ015,RJC189,RJ696,Bhiwadi,Circle-Shahjahanpur,"Circle - Shahjahanpur, AC / CTO Ward"
RJZ005,RJC193,RJ708,Bikaner,Circle Ratangarh,Circle-Ratangarh - Ward-I
RJZ005,RJC193,RJ709,Bikaner,Circle Ratangarh,Circle-Ratangarh - Ward-II
RJZ005,RJC193,RJ707,Bikaner,Circle Ratangarh,"Circle-Ratangarh, AC / CTO Ward"
RJZ005,RJC048,RJ064,Bikaner,Circle-A Bikaner,"Circle-A, Bikaner - Ward-I"
RJZ005,RJC048,RJ065,Bikaner,Circle-A Bikaner,"Circle-A, Bikaner - Ward-II"
RJZ005,RJC048,RJ516,Bikaner,Circle-A Bikaner,"Circle-A, Bikaner, AC / CTO Ward"
RJZ005,RJC049,RJ109,Bikaner,Circle-B Bikaner,"Circle-B, Bikaner - Ward-I"
RJZ005,RJC049,RJ110,Bikaner,Circle-B Bikaner,"Circle-B, Bikaner - Ward-II"
RJZ005,RJC049,RJ111,Bikaner,Circle-B Bikaner,"Circle-B, Bikaner - Ward-III"
RJZ005,RJC049,RJ517,Bikaner,Circle-B Bikaner,"Circle-B, Bikaner, AC / CTO Ward"
RJZ005,RJC050,RJ155,Bikaner,Circle-C Bikaner,"Circle-C, Bikaner - Ward-I"
RJZ005,RJC050,RJ156,Bikaner,Circle-C Bikaner,"Circle-C, Bikaner - Ward-II"
RJZ005,RJC050,RJ518,Bikaner,Circle-C Bikaner,"Circle-C, Bikaner, AC / CTO Ward"
RJZ005,RJC051,RJ182,Bikaner,Circle-Churu,Circle-Churu - Ward-II
RJZ005,RJC051,RJ184,Bikaner,Circle-Churu,Circle-Churu - Ward-III
RJZ005,RJC051,RJ181,Bikaner,Circle-Churu,Circle-Churu - Ward-i
RJZ005,RJC051,RJ520,Bikaner,Circle-Churu,"Circle-Churu, AC / CTO Ward"
RJZ005,RJC052,RJ186,Bikaner,Circle-D Bikaner,"Circle-D, Bikaner - Ward-I"
RJZ005,RJC052,RJ187,Bikaner,Circle-D Bikaner,"Circle-D, Bikaner - Ward-II"
RJZ005,RJC052,RJ519,Bikaner,Circle-D Bikaner,"Circle-D, Bikaner, AC / CTO Ward"
RJZ005,RJC191,RJ702,Bikaner,Circle-E Bikaner,"Circle-E, Bikaner - Ward-I"
RJZ005,RJC191,RJ703,Bikaner,Circle-E Bikaner,"Circle-E, Bikaner - Ward-II"
RJZ005,RJC191,RJ701,Bikaner,Circle-E Bikaner,"Circle-E, Bikaner, AC / CTO Ward"
RJZ005,RJC192,RJ705,Bikaner,Circle-F Bikaner,"Circle-F, Bikaner - Ward-I"
RJZ005,RJC192,RJ706,Bikaner,Circle-F Bikaner,"Circle-F, Bikaner - Ward-II"
RJZ005,RJC192,RJ704,Bikaner,Circle-F Bikaner,"Circle-F, Bikaner, AC / CTO Ward"
RJZ005,RJC053,RJ247,Bikaner,Circle-Jhunjhunu,Circle-Jhunjhunu - Ward-I
RJZ005,RJC053,RJ248,Bikaner,Circle-Jhunjhunu,Circle-Jhunjhunu - Ward-II
RJZ005,RJC053,RJ251,Bikaner,Circle-Jhunjhunu,Circle-Jhunjhunu - Ward-III
RJZ005,RJC053,RJ249,Bikaner,Circle-Jhunjhunu,"Circle-Jhunjhunu - Ward-IV Headquarter, Chirawa"
RJZ005,RJC053,RJ250,Bikaner,Circle-Jhunjhunu,"Circle-Jhunjhunu - Ward-V Headquarter, Chirawa"
RJZ005,RJC053,RJ521,Bikaner,Circle-Jhunjhunu,"Circle-Jhunjhunu, AC / CTO Ward"
RJZ016,RJC196,RJ715,Jaipur-I,Circle-A Jaipur I,"Circle-A, Jaipur I, - Ward-I"
RJZ016,RJC196,RJ716,Jaipur-I,Circle-A Jaipur I,"Circle-A, Jaipur I, - Ward-II"
RJZ016,RJC196,RJ714,Jaipur-I,Circle-A Jaipur I,"Circle-A, Jaipur I, AC / CTO Ward"
RJZ016,RJC197,RJ718,Jaipur-I,Circle-B Jaipur I,"Circle-B, Jaipur I, - Ward-I"
RJZ016,RJC197,RJ719,Jaipur-I,Circle-B Jaipur I,"Circle-B, Jaipur I, - Ward-II"
RJZ016,RJC197,RJ717,Jaipur-I,Circle-B Jaipur I,"Circle-B, Jaipur I, AC / CTO Ward"
RJZ016,RJC198,RJ721,Jaipur-I,Circle-C Jaipur I,"Circle-C, Jaipur I, - Ward-I"
RJZ016,RJC198,RJ722,Jaipur-I,Circle-C Jaipur I,"Circle-C, Jaipur I, - Ward-II"
RJZ016,RJC198,RJ720,Jaipur-I,Circle-C Jaipur I,"Circle-C, Jaipur I, AC / CTO Ward"
RJZ016,RJC199,RJ724,Jaipur-I,Circle-D Jaipur I,"Circle-D, Jaipur I, - Ward-I"
RJZ016,RJC199,RJ725,Jaipur-I,Circle-D Jaipur I,"Circle-D, Jaipur I, - Ward-II"
RJZ016,RJC199,RJ723,Jaipur-I,Circle-D Jaipur I,"Circle-D, Jaipur I, AC / CTO Ward"
RJZ016,RJC200,RJ727,Jaipur-I,Circle-E Jaipur I,"Circle-E, Jaipur I, - Ward-I"
RJZ016,RJC200,RJ728,Jaipur-I,Circle-E Jaipur I,"Circle-E, Jaipur I, - Ward-II"
RJZ016,RJC200,RJ726,Jaipur-I,Circle-E Jaipur I,"Circle-E, Jaipur I, AC / CTO Ward"
RJZ016,RJC201,RJ730,Jaipur-I,Circle-F Jaipur I,"Circle-F, Jaipur I, - Ward-I"
RJZ016,RJC201,RJ731,Jaipur-I,Circle-F Jaipur I,"Circle-F, Jaipur I, - Ward-II"
RJZ016,RJC201,RJ732,Jaipur-I,Circle-F Jaipur I,"Circle-F, Jaipur I, - Ward-III"
RJZ016,RJC201,RJ729,Jaipur-I,Circle-F Jaipur I,"Circle-F, Jaipur I, AC / CTO Ward"
RJZ016,RJC202,RJ734,Jaipur-I,Circle-G Jaipur I,"Circle-G, Jaipur I, - Ward-I"
RJZ016,RJC202,RJ735,Jaipur-I,Circle-G Jaipur I,"Circle-G, Jaipur I, - Ward-II"
RJZ016,RJC202,RJ733,Jaipur-I,Circle-G Jaipur I,"Circle-G, Jaipur I, AC / CTO Ward"
RJZ016,RJC203,RJ737,Jaipur-I,Circle-H Jaipur I,"Circle-H, Jaipur I, - Ward-I"
RJZ016,RJC203,RJ738,Jaipur-I,Circle-H Jaipur I,"Circle-H, Jaipur I, - Ward-II"
RJZ016,RJC203,RJ736,Jaipur-I,Circle-H Jaipur I,"Circle-H, Jaipur I, AC / CTO Ward"
RJZ016,RJC204,RJ740,Jaipur-I,Circle-I Jaipur I,"Circle-I, Jaipur I, - Ward-I"
RJZ016,RJC204,RJ741,Jaipur-I,Circle-I Jaipur I,"Circle-I, Jaipur I, - Ward-II"
RJZ016,RJC204,RJ739,Jaipur-I,Circle-I Jaipur I,"Circle-I, Jaipur I, AC / CTO Ward"
RJZ016,RJC205,RJ743,Jaipur-I,Circle-J Jaipur I,"Circle-J, Jaipur I, - Ward-I"
RJZ016,RJC205,RJ744,Jaipur-I,Circle-J Jaipur I,"Circle-J, Jaipur I, - Ward-II"
RJZ016,RJC205,RJ745,Jaipur-I,Circle-J Jaipur I,"Circle-J, Jaipur I, - Ward-III"
RJZ016,RJC205,RJ742,Jaipur-I,Circle-J Jaipur I,"Circle-J, Jaipur I, AC / CTO Ward"
RJZ016,RJC206,RJ747,Jaipur-I,Circle-Shahpura Jaipur I,"Circle-Shahpura, Jaipur I, - Ward-I"
RJZ016,RJC206,RJ748,Jaipur-I,Circle-Shahpura Jaipur I,"Circle-Shahpura, Jaipur I, - Ward-II Headquarter, Kotputli"
RJZ016,RJC206,RJ746,Jaipur-I,Circle-Shahpura Jaipur I,"Circle-Shahpura, Jaipur I, AC / CTO Ward"
RJZ017,RJC208,RJ752,Jaipur-II,Circle-A Jaipur II,"Circle-A, Jaipur II, - Ward-I"
RJZ017,RJC208,RJ753,Jaipur-II,Circle-A Jaipur II,"Circle-A, Jaipur II, - Ward-II"
RJZ017,RJC208,RJ751,Jaipur-II,Circle-A Jaipur II,"Circle-A, Jaipur II, AC / CTO Ward"
RJZ017,RJC209,RJ755,Jaipur-II,Circle-B Jaipur II,"Circle-B, Jaipur II, - Ward-I"
RJZ017,RJC209,RJ756,Jaipur-II,Circle-B Jaipur II,"Circle-B, Jaipur II, - Ward-II"
RJZ017,RJC209,RJ754,Jaipur-II,Circle-B Jaipur II,"Circle-B, Jaipur II, AC / CTO Ward"
RJZ017,RJC210,RJ758,Jaipur-II,Circle-C Jaipur II,"Circle-C, Jaipur II, - Ward-I"
RJZ017,RJC210,RJ759,Jaipur-II,Circle-C Jaipur II,"Circle-C, Jaipur II, - Ward-II"
RJZ017,RJC210,RJ757,Jaipur-II,Circle-C Jaipur II,"Circle-C, Jaipur II, AC / CTO Ward"
RJZ017,RJC211,RJ761,Jaipur-II,Circle-D Jaipur II,"Circle-D, Jaipur II, - Ward-I"
RJZ017,RJC211,RJ762,Jaipur-II,Circle-D Jaipur II,"Circle-D, Jaipur II, - Ward-II"
RJZ017,RJC211,RJ760,Jaipur-II,Circle-D Jaipur II,"Circle-D, Jaipur II, AC / CTO Ward"
RJZ017,RJC212,RJ764,Jaipur-II,Circle-E Jaipur II,"Circle-E, Jaipur II, - Ward-I"
RJZ017,RJC212,RJ765,Jaipur-II,Circle-E Jaipur II,"Circle-E, Jaipur II, - Ward-II"
RJZ017,RJC212,RJ763,Jaipur-II,Circle-E Jaipur II,"Circle-E, Jaipur II, AC / CTO Ward"
RJZ017,RJC213,RJ767,Jaipur-II,Circle-F Jaipur II,"Circle-F, Jaipur II, - Ward-I"
RJZ017,RJC213,RJ768,Jaipur-II,Circle-F Jaipur II,"Circle-F, Jaipur II, - Ward-II"
RJZ017,RJC213,RJ766,Jaipur-II,Circle-F Jaipur II,"Circle-F, Jaipur II, AC / CTO Ward"
RJZ017,RJC214,RJ770,Jaipur-II,Circle-G Jaipur II,"Circle-G, Jaipur II, - Ward-I"
RJZ017,RJC214,RJ771,Jaipur-II,Circle-G Jaipur II,"Circle-G, Jaipur II, - Ward-II"
RJZ017,RJC214,RJ769,Jaipur-II,Circle-G Jaipur II,"Circle-G, Jaipur II, AC / CTO Ward"
RJZ017,RJC215,RJ773,Jaipur-II,Circle-H Jaipur II,"Circle-H, Jaipur II, - Ward-I"
RJZ017,RJC215,RJ774,Jaipur-II,Circle-H Jaipur II,"Circle-H, Jaipur II, - Ward-II"
RJZ017,RJC215,RJ772,Jaipur-II,Circle-H Jaipur II,"Circle-H, Jaipur II, AC / CTO Ward"
RJZ017,RJC216,RJ776,Jaipur-II,Circle-I Jaipur II,"Circle-I, Jaipur II, - Ward-I"
RJZ017,RJC216,RJ777,Jaipur-II,Circle-I Jaipur II,"Circle-I, Jaipur II, - Ward-II"
RJZ017,RJC216,RJ775,Jaipur-II,Circle-I Jaipur II,"Circle-I, Jaipur II, AC / CTO Ward"
RJZ017,RJC217,RJ779,Jaipur-II,Circle-J Jaipur II,"Circle-J, Jaipur II, - Ward-I"
RJZ017,RJC217,RJ780,Jaipur-II,Circle-J Jaipur II,"Circle-J, Jaipur II, - Ward-II"
RJZ017,RJC217,RJ778,Jaipur-II,Circle-J Jaipur II,"Circle-J, Jaipur II, AC / CTO Ward"
RJZ017,RJC218,RJ782,Jaipur-II,Circle-Tonk Jaipur II,"Circle-Tonk, Jaipur II, - Ward-I"
RJZ017,RJC218,RJ783,Jaipur-II,Circle-Tonk Jaipur II,"Circle-Tonk, Jaipur II, - Ward-II"
RJZ017,RJC218,RJ784,Jaipur-II,Circle-Tonk Jaipur II,"Circle-Tonk, Jaipur II, - Ward-III"
RJZ017,RJC218,RJ785,Jaipur-II,Circle-Tonk Jaipur II,"Circle-Tonk, Jaipur II, - Ward-IV"
RJZ017,RJC218,RJ781,Jaipur-II,Circle-Tonk Jaipur II,"Circle-Tonk, Jaipur II, AC / CTO Ward"
RJZ018,RJC220,RJ789,Jaipur-III,Circle-A Jaipur III,"Circle-A, Jaipur III, - Ward-I"
RJZ018,RJC220,RJ790,Jaipur-III,Circle-A Jaipur III,"Circle-A, Jaipur III, - Ward-II"
RJZ018,RJC220,RJ788,Jaipur-III,Circle-A Jaipur III,"Circle-A, Jaipur III, AC / CTO Ward"
RJZ018,RJC221,RJ792,Jaipur-III,Circle-B Jaipur III,"Circle-B, Jaipur III, - Ward-I"
RJZ018,RJC221,RJ793,Jaipur-III,Circle-B Jaipur III,"Circle-B, Jaipur III, - Ward-II"
RJZ018,RJC221,RJ791,Jaipur-III,Circle-B Jaipur III,"Circle-B, Jaipur III, AC / CTO Ward"
RJZ018,RJC222,RJ795,Jaipur-III,Circle-C Jaipur III,"Circle-C, Jaipur III, - Ward-I"
RJZ018,RJC222,RJ796,Jaipur-III,Circle-C Jaipur III,"Circle-C, Jaipur III, - Ward-II"
RJZ018,RJC222,RJ794,Jaipur-III,Circle-C Jaipur III,"Circle-C, Jaipur III, AC / CTO Ward"
RJZ018,RJC223,RJ798,Jaipur-III,Circle-D Jaipur III,"Circle-D, Jaipur III, - Ward-I"
RJZ018,RJC223,RJ799,Jaipur-III,Circle-D Jaipur III,"Circle-D, Jaipur III, - Ward-II"
RJZ018,RJC223,RJ797,Jaipur-III,Circle-D Jaipur III,"Circle-D, Jaipur III, AC / CTO Ward"
RJZ018,RJC224,RJ801,Jaipur-III,Circle-E Jaipur III,"Circle-E, Jaipur III, - Ward-I"
RJZ018,RJC224,RJ802,Jaipur-III,Circle-E Jaipur III,"Circle-E, Jaipur III, - Ward-II"
RJZ018,RJC224,RJ800,Jaipur-III,Circle-E Jaipur III,"Circle-E, Jaipur III, AC / CTO Ward"
RJZ018,RJC225,RJ804,Jaipur-III,Circle-F Jaipur III,"Circle-F, Jaipur III, - Ward-I"
RJZ018,RJC225,RJ805,Jaipur-III,Circle-F Jaipur III,"Circle-F, Jaipur III, - Ward-II"
RJZ018,RJC225,RJ803,Jaipur-III,Circle-F Jaipur III,"Circle-F, Jaipur III, AC / CTO Ward"
RJZ018,RJC226,RJ807,Jaipur-III,Circle-G Jaipur III,"Circle-G, Jaipur III, - Ward-I"
RJZ018,RJC226,RJ808,Jaipur-III,Circle-G Jaipur III,"Circle-G, Jaipur III, - Ward-II"
RJZ018,RJC226,RJ806,Jaipur-III,Circle-G Jaipur III,"Circle-G, Jaipur III, AC / CTO Ward"
RJZ018,RJC227,RJ810,Jaipur-III,Circle-H Jaipur III,"Circle-H, Jaipur III, - Ward-I"
RJZ018,RJC227,RJ811,Jaipur-III,Circle-H Jaipur III,"Circle-H, Jaipur III, - Ward-II"
RJZ018,RJC227,RJ809,Jaipur-III,Circle-H Jaipur III,"Circle-H, Jaipur III, AC / CTO Ward"
RJZ018,RJC228,RJ813,Jaipur-III,Circle-I Jaipur III,"Circle-I, Jaipur III, - Ward-I"
RJZ018,RJC228,RJ814,Jaipur-III,Circle-I Jaipur III,"Circle-I, Jaipur III, - Ward-II"
RJZ018,RJC228,RJ812,Jaipur-III,Circle-I Jaipur III,"Circle-I, Jaipur III, AC / CTO Ward"
RJZ018,RJC229,RJ816,Jaipur-III,Circle-J Jaipur III,"Circle-J, Jaipur III, - Ward-I"
RJZ018,RJC229,RJ817,Jaipur-III,Circle-J Jaipur III,"Circle-J, Jaipur III, - Ward-II"
RJZ018,RJC229,RJ815,Jaipur-III,Circle-J Jaipur III,"Circle-J, Jaipur III, AC / CTO Ward"
RJZ018,RJC230,RJ819,Jaipur-III,Circle-K Jaipur III,"Circle-K, Jaipur III, - Ward-I"
RJZ018,RJC230,RJ820,Jaipur-III,Circle-K Jaipur III,"Circle-K, Jaipur III, - Ward-II"
RJZ018,RJC230,RJ818,Jaipur-III,Circle-K Jaipur III,"Circle-K, Jaipur III, AC / CTO Ward"
RJZ018,RJC231,RJ822,Jaipur-III,Circle-L Jaipur III,"Circle-L, Jaipur III, - Ward-I"
RJZ018,RJC231,RJ823,Jaipur-III,Circle-L Jaipur III,"Circle-L, Jaipur III, - Ward-II"
RJZ018,RJC231,RJ821,Jaipur-III,Circle-L Jaipur III,"Circle-L, Jaipur III, AC / CTO Ward"
RJZ018,RJC232,RJ825,Jaipur-III,Circle-M Jaipur III,"Circle-M, Jaipur III, - Ward-I"
RJZ018,RJC232,RJ826,Jaipur-III,Circle-M Jaipur III,"Circle-M, Jaipur III, - Ward-II"
RJZ018,RJC232,RJ824,Jaipur-III,Circle-M Jaipur III,"Circle-M, Jaipur III, AC / CTO Ward"
RJZ018,RJC092,RJ268,Jaipur-III,Circle-N Jaipur,"Circle-N, Jaipur - Ward-1"
RJZ018,RJC233,RJ828,Jaipur-III,Circle-N Jaipur III,"Circle-N, Jaipur III, - Ward-I"
RJZ018,RJC233,RJ829,Jaipur-III,Circle-N Jaipur III,"Circle-N, Jaipur III, - Ward-II"
RJZ018,RJC233,RJ827,Jaipur-III,Circle-N Jaipur III,"Circle-N, Jaipur III, AC / CTO Ward"
RJZ019,RJC235,RJ833,Jaipur-IV,Circle-A Jaipur IV,"Circle-A, Jaipur IV, - Ward-I"
RJZ019,RJC235,RJ834,Jaipur-IV,Circle-A Jaipur IV,"Circle-A, Jaipur IV, - Ward-II"
RJZ019,RJC235,RJ832,Jaipur-IV,Circle-A Jaipur IV,"Circle-A, Jaipur IV, AC / CTO Ward"
RJZ019,RJC243,RJ857,Jaipur-IV,Circle-A Sikar Jaipur IV,"Circle-A, Sikar, Jaipur IV, - Ward-I"
RJZ019,RJC243,RJ858,Jaipur-IV,Circle-A Sikar Jaipur IV,"Circle-A, Sikar, Jaipur IV, - Ward-II"
RJZ019,RJC243,RJ856,Jaipur-IV,Circle-A Sikar Jaipur IV,"Circle-A, Sikar, Jaipur IV, AC / CTO Ward"
RJZ019,RJC236,RJ836,Jaipur-IV,Circle-B Jaipur IV,"Circle-B, Jaipur IV, - Ward-I"
RJZ019,RJC236,RJ837,Jaipur-IV,Circle-B Jaipur IV,"Circle-B, Jaipur IV, - Ward-II"
RJZ019,RJC236,RJ835,Jaipur-IV,Circle-B Jaipur IV,"Circle-B, Jaipur IV, AC / CTO Ward"
RJZ019,RJC244,RJ860,Jaipur-IV,Circle-B Sikar Jaipur IV,"Circle-B, Sikar, Jaipur IV, - Ward-I"
RJZ019,RJC244,RJ861,Jaipur-IV,Circle-B Sikar Jaipur IV,"Circle-B, Sikar, Jaipur IV, - Ward-II"
RJZ019,RJC244,RJ859,Jaipur-IV,Circle-B Sikar Jaipur IV,"Circle-B, Sikar, Jaipur IV, AC / CTO Ward"
RJZ019,RJC237,RJ839,Jaipur-IV,Circle-C Jaipur IV,"Circle-C, Jaipur IV, - Ward-I"
RJZ019,RJC237,RJ840,Jaipur-IV,Circle-C Jaipur IV,"Circle-C, Jaipur IV, - Ward-II"
RJZ019,RJC237,RJ838,Jaipur-IV,Circle-C Jaipur IV,"Circle-C, Jaipur IV, AC / CTO Ward"
RJZ019,RJC238,RJ842,Jaipur-IV,Circle-D Jaipur IV,"Circle-D, Jaipur IV, - Ward-I"
RJZ019,RJC238,RJ843,Jaipur-IV,Circle-D Jaipur IV,"Circle-D, Jaipur IV, - Ward-II"
RJZ019,RJC238,RJ841,Jaipur-IV,Circle-D Jaipur IV,"Circle-D, Jaipur IV, AC / CTO Ward"
RJZ019,RJC239,RJ845,Jaipur-IV,Circle-E Jaipur IV,"Circle-E, Jaipur IV, - Ward-I"
RJZ019,RJC239,RJ846,Jaipur-IV,Circle-E Jaipur IV,"Circle-E, Jaipur IV, - Ward-II"
RJZ019,RJC239,RJ844,Jaipur-IV,Circle-E Jaipur IV,"Circle-E, Jaipur IV, AC / CTO Ward"
RJZ019,RJC240,RJ848,Jaipur-IV,Circle-F Jaipur IV,"Circle-F, Jaipur IV, - Ward-I"
RJZ019,RJC240,RJ849,Jaipur-IV,Circle-F Jaipur IV,"Circle-F, Jaipur IV, - Ward-II"
RJZ019,RJC240,RJ847,Jaipur-IV,Circle-F Jaipur IV,"Circle-F, Jaipur IV, AC / CTO Ward"
RJZ019,RJC241,RJ851,Jaipur-IV,Circle-G Jaipur IV,"Circle-G, Jaipur IV, - Ward-I"
RJZ019,RJC241,RJ852,Jaipur-IV,Circle-G Jaipur IV,"Circle-G, Jaipur IV, - Ward-II"
RJZ019,RJC241,RJ850,Jaipur-IV,Circle-G Jaipur IV,"Circle-G, Jaipur IV, AC / CTO Ward"
RJZ019,RJC242,RJ854,Jaipur-IV,Circle-H Jaipur IV,"Circle-H, Jaipur IV, - Ward-I"
RJZ019,RJC242,RJ855,Jaipur-IV,Circle-H Jaipur IV,"Circle-H, Jaipur IV, - Ward-II"
RJZ019,RJC242,RJ853,Jaipur-IV,Circle-H Jaipur IV,"Circle-H, Jaipur IV, AC / CTO Ward"
RJZ019,RJC245,RJ863,Jaipur-IV,Circle-Neem Ka Thana Jaipur IV,"Circle-Neem Ka Thana, Jaipur IV, - Ward-I"
RJZ019,RJC245,RJ864,Jaipur-IV,Circle-Neem Ka Thana Jaipur IV,"Circle-Neem Ka Thana, Jaipur IV, - Ward-II, Headquarter, Sri Madhopur"
RJZ019,RJC245,RJ862,Jaipur-IV,Circle-Neem Ka Thana Jaipur IV,"Circle-Neem Ka Thana, Jaipur IV, AC / CTO Ward"
RJZ020,RJC247,RJ868,Jodhpur-I,Circle-A Jodhpur I,"Circle-A, Jodhpur I, - Ward-I"
RJZ020,RJC247,RJ869,Jodhpur-I,Circle-A Jodhpur I,"Circle-A, Jodhpur I, - Ward-II"
RJZ020,RJC247,RJ867,Jodhpur-I,Circle-A Jodhpur I,"Circle-A, Jodhpur I, AC / CTO Ward"
RJZ020,RJC248,RJ871,Jodhpur-I,Circle-B Jodhpur I,"Circle-B, Jodhpur I, - Ward-I"
RJZ020,RJC248,RJ872,Jodhpur-I,Circle-B Jodhpur I,"Circle-B, Jodhpur I, - Ward-II"
RJZ020,RJC248,RJ870,Jodhpur-I,Circle-B Jodhpur I,"Circle-B, Jodhpur I, AC / CTO Ward"
RJZ020,RJC249,RJ874,Jodhpur-I,Circle-C Jodhpur I,"Circle-C, Jodhpur I, - Ward-I"
RJZ020,RJC249,RJ875,Jodhpur-I,Circle-C Jodhpur I,"Circle-C, Jodhpur I, - Ward-II"
RJZ020,RJC249,RJ873,Jodhpur-I,Circle-C Jodhpur I,"Circle-C, Jodhpur I, AC / CTO Ward"
RJZ020,RJC250,RJ877,Jodhpur-I,Circle-D Jodhpur I,"Circle-D, Jodhpur I, - Ward-I"
RJZ020,RJC250,RJ878,Jodhpur-I,Circle-D Jodhpur I,"Circle-D, Jodhpur I, - Ward-II"
RJZ020,RJC250,RJ876,Jodhpur-I,Circle-D Jodhpur I,"Circle-D, Jodhpur I, AC / CTO Ward"
RJZ020,RJC251,RJ880,Jodhpur-I,Circle-E Jodhpur I,"Circle-E, Jodhpur I, - Ward-I"
RJZ020,RJC251,RJ881,Jodhpur-I,Circle-E Jodhpur I,"Circle-E, Jodhpur I, - Ward-II"
RJZ020,RJC251,RJ882,Jodhpur-I,Circle-E Jodhpur I,"Circle-E, Jodhpur I, - Ward-III"
RJZ020,RJC251,RJ879,Jodhpur-I,Circle-E Jodhpur I,"Circle-E, Jodhpur I, AC / CTO Ward"
RJZ020,RJC252,RJ884,Jodhpur-I,Circle-Jaisalmer Jodhpur I,"Circle-Jaisalmer, Jodhpur I, - Ward-I"
RJZ020,RJC252,RJ885,Jodhpur-I,Circle-Jaisalmer Jodhpur I,"Circle-Jaisalmer, Jodhpur I, - Ward-II"
RJZ020,RJC252,RJ883,Jodhpur-I,Circle-Jaisalmer Jodhpur I,"Circle-Jaisalmer, Jodhpur I, AC / CTO Ward"
RJZ020,RJC253,RJ887,Jodhpur-I,Circle-Phalodi Jodhpur I,"Circle-Phalodi, Jodhpur I, - Ward-I"
RJZ020,RJC253,RJ888,Jodhpur-I,Circle-Phalodi Jodhpur I,"Circle-Phalodi, Jodhpur I, - Ward-II  Headquarter, Osiyan"
RJZ020,RJC253,RJ886,Jodhpur-I,Circle-Phalodi Jodhpur I,"Circle-Phalodi, Jodhpur I, AC / CTO Ward"
RJZ021,RJC260,RJ910,Jodhpur-II,Circle-A Barmer Jodhpur II,"Circle-A, Barmer, Jodhpur II, - Ward-I"
RJZ021,RJC260,RJ911,Jodhpur-II,Circle-A Barmer Jodhpur II,"Circle-A, Barmer, Jodhpur II, - Ward-II"
RJZ021,RJC260,RJ909,Jodhpur-II,Circle-A Barmer Jodhpur II,"Circle-A, Barmer, Jodhpur II, AC / CTO Ward"
RJZ021,RJC255,RJ892,Jodhpur-II,Circle-A Jodhpur II,"Circle-A, Jodhpur II, - Ward-I"
RJZ021,RJC255,RJ893,Jodhpur-II,Circle-A Jodhpur II,"Circle-A, Jodhpur II, - Ward-II"
RJZ021,RJC255,RJ891,Jodhpur-II,Circle-A Jodhpur II,"Circle-A, Jodhpur II, AC / CTO Ward"
RJZ021,RJC261,RJ913,Jodhpur-II,Circle-B Barmer Jodhpur II,"Circle-B, Barmer, Jodhpur II, - Ward-I"
RJZ021,RJC261,RJ914,Jodhpur-II,Circle-B Barmer Jodhpur II,"Circle-B, Barmer, Jodhpur II, - Ward-II  "
RJZ021,RJC261,RJ912,Jodhpur-II,Circle-B Barmer Jodhpur II,"Circle-B, Barmer, Jodhpur II, AC / CTO Ward"
RJZ021,RJC256,RJ895,Jodhpur-II,Circle-B Jodhpur II,"Circle-B, Jodhpur II, - Ward-I"
RJZ021,RJC256,RJ896,Jodhpur-II,Circle-B Jodhpur II,"Circle-B, Jodhpur II, - Ward-II"
RJZ021,RJC256,RJ897,Jodhpur-II,Circle-B Jodhpur II,"Circle-B, Jodhpur II, - Ward-III"
RJZ021,RJC256,RJ894,Jodhpur-II,Circle-B Jodhpur II,"Circle-B, Jodhpur II, AC / CTO Ward"
RJZ021,RJC262,RJ916,Jodhpur-II,Circle-Balotara Jodhpur II,"Circle-Balotara, Jodhpur II, - Ward-I"
RJZ021,RJC262,RJ917,Jodhpur-II,Circle-Balotara Jodhpur II,"Circle-Balotara, Jodhpur II, - Ward-II  "
RJZ021,RJC262,RJ918,Jodhpur-II,Circle-Balotara Jodhpur II,"Circle-Balotara, Jodhpur II, - Ward-III"
RJZ021,RJC262,RJ915,Jodhpur-II,Circle-Balotara Jodhpur II,"Circle-Balotara, Jodhpur II, AC / CTO Ward"
RJZ021,RJC257,RJ899,Jodhpur-II,Circle-C Jodhpur II,"Circle-C, Jodhpur II, - Ward-I"
RJZ021,RJC257,RJ900,Jodhpur-II,Circle-C Jodhpur II,"Circle-C, Jodhpur II, - Ward-II"
RJZ021,RJC257,RJ901,Jodhpur-II,Circle-C Jodhpur II,"Circle-C, Jodhpur II, - Ward-III"
RJZ021,RJC257,RJ898,Jodhpur-II,Circle-C Jodhpur II,"Circle-C, Jodhpur II, AC / CTO Ward"
RJZ021,RJC258,RJ903,Jodhpur-II,Circle-D Jodhpur II,"Circle-D, Jodhpur II, - Ward-I"
RJZ021,RJC258,RJ904,Jodhpur-II,Circle-D Jodhpur II,"Circle-D, Jodhpur II, - Ward-II"
RJZ021,RJC258,RJ905,Jodhpur-II,Circle-D Jodhpur II,"Circle-D, Jodhpur II, - Ward-III"
RJZ021,RJC258,RJ902,Jodhpur-II,Circle-D Jodhpur II,"Circle-D, Jodhpur II, AC / CTO Ward"
RJZ021,RJC259,RJ907,Jodhpur-II,Circle-E Jodhpur II,"Circle-E, Jodhpur II, - Ward-I"
RJZ021,RJC259,RJ908,Jodhpur-II,Circle-E Jodhpur II,"Circle-E, Jodhpur II, - Ward-II Headquarter, Pipar City"
RJZ021,RJC259,RJ906,Jodhpur-II,Circle-E Jodhpur II,"Circle-E, Jodhpur II, AC / CTO Ward"
RJZ010,RJC115,RJ081,Kota,Circle-A Kota,"Circle-A, Kota - Ward-I"
RJZ010,RJC115,RJ082,Kota,Circle-A Kota,"Circle-A, Kota - Ward-II"
RJZ010,RJC115,RJ551,Kota,Circle-A Kota,"Circle-A, Kota, AC / CTO Ward"
RJZ010,RJC116,RJ123,Kota,Circle-B Kota,"Circle-B, Kota - Ward-I"
RJZ010,RJC116,RJ124,Kota,Circle-B Kota,"Circle-B, Kota - Ward-II"
RJZ010,RJC116,RJ552,Kota,Circle-B Kota,"Circle-B, Kota, AC / CTO Ward"
RJZ010,RJC117,RJ142,Kota,Circle-Baran,Circle-Baran - Ward-I
RJZ010,RJC117,RJ143,Kota,Circle-Baran,Circle-Baran - Ward-II
RJZ010,RJC117,RJ144,Kota,Circle-Baran,Circle-Baran - Ward-III
RJZ010,RJC117,RJ555,Kota,Circle-Baran,"Circle-Baran, AC / CTO Ward"
RJZ010,RJC118,RJ149,Kota,Circle-Bundi,Circle-Bundi - Ward-I
RJZ010,RJC118,RJ150,Kota,Circle-Bundi,Circle-Bundi - Ward-II
RJZ010,RJC118,RJ151,Kota,Circle-Bundi,Circle-Bundi - Ward-III
RJZ010,RJC118,RJ554,Kota,Circle-Bundi,"Circle-Bundi, AC / CTO Ward"
RJZ010,RJC119,RJ167,Kota,Circle-C Kota,"Circle-C, Kota - Ward-I"
RJZ010,RJC119,RJ168,Kota,Circle-C Kota,"Circle-C, Kota - Ward-II"
RJZ010,RJC119,RJ553,Kota,Circle-C Kota,"Circle-C, Kota, AC / CTO Ward"
RJZ010,RJC263,RJ920,Kota,Circle-D Kota,"Circle-D, Kota - Ward-I"
RJZ010,RJC263,RJ921,Kota,Circle-D Kota,"Circle-D, Kota - Ward-II"
RJZ010,RJC263,RJ919,Kota,Circle-D Kota,"Circle-D, Kota, AC / CTO Ward"
RJZ010,RJC264,RJ923,Kota,Circle-E Kota,"Circle-E, Kota - Ward-I"
RJZ010,RJC264,RJ924,Kota,Circle-E Kota,"Circle-E, Kota - Ward-II"
RJZ010,RJC264,RJ922,Kota,Circle-E Kota,"Circle-E, Kota, AC / CTO Ward"
RJZ010,RJC120,RJ244,Kota,Circle-Jhalawar,Circle-Jhalawar - Ward-I
RJZ010,RJC120,RJ245,Kota,Circle-Jhalawar,Circle-Jhalawar - Ward-II
RJZ010,RJC120,RJ246,Kota,Circle-Jhalawar,"Circle-Jhalawar - Ward-III Headquarter, Bhawani Mandi"
RJZ010,RJC120,RJ556,Kota,Circle-Jhalawar,"Circle-Jhalawar, AC / CTO Ward"
RJZ010,RJC121,RJ295,Kota,Circle-Ramganj Mandi,Circle-Ramganj Mandi - Ward-I
RJZ010,RJC121,RJ296,Kota,Circle-Ramganj Mandi,Circle-Ramganj Mandi - Ward-II
RJZ010,RJC121,RJ557,Kota,Circle-Ramganj Mandi,"Circle-Ramganj Mandi, AC / CTO Ward"
RJZ011,RJC266,RJ928,Pali,Circle A -Pali,Circle A -Pali - Ward-I
RJZ011,RJC266,RJ929,Pali,Circle A -Pali,Circle A -Pali - Ward-II
RJZ011,RJC266,RJ927,Pali,Circle A -Pali,"Circle A -Pali, AC / CTO Ward"
RJZ011,RJC267,RJ931,Pali,Circle B -Pali,Circle B -Pali - Ward-I
RJZ011,RJC267,RJ932,Pali,Circle B -Pali,Circle B -Pali - Ward-II
RJZ011,RJC267,RJ933,Pali,Circle B -Pali,"Circle B -Pali - Ward-III Headquarter, Jaitaran"
RJZ011,RJC267,RJ930,Pali,Circle B -Pali,"Circle B -Pali, AC / CTO Ward"
RJZ011,RJC128,RJ240,Pali,Circle-Jalore,Circle-Jalore - Ward-I
RJZ011,RJC128,RJ241,Pali,Circle-Jalore,Circle-Jalore - Ward-II
RJZ011,RJC128,RJ559,Pali,Circle-Jalore,"Circle-Jalore, AC / CTO Ward"
RJZ011,RJC268,RJ935,Pali,Circle-Sanchore,Circle-Sanchore - Ward-I
RJZ011,RJC268,RJ936,Pali,Circle-Sanchore,"Circle-Sanchore - Ward-II Headquarter, Bhinmal"
RJZ011,RJC268,RJ934,Pali,Circle-Sanchore,"Circle-Sanchore, AC / CTO Ward"
RJZ011,RJC130,RJ299,Pali,Circle-Sirohi,Circle-Sirohi - Ward-I
RJZ011,RJC130,RJ301,Pali,Circle-Sirohi,Circle-Sirohi - Ward-II
RJZ011,RJC130,RJ300,Pali,Circle-Sirohi,"Circle-Sirohi - Ward-III Headquarter, Abu Road"
RJZ011,RJC130,RJ302,Pali,Circle-Sirohi,"Circle-Sirohi - Ward-IV Headquarter, Abu Road"
RJZ011,RJC130,RJ560,Pali,Circle-Sirohi,"Circle-Sirohi, AC / CTO Ward"
RJZ011,RJC131,RJ303,Pali,Circle-Sumerpur,Circle-Sumerpur - Ward-I
RJZ011,RJC131,RJ304,Pali,Circle-Sumerpur,Circle-Sumerpur - Ward-II
RJZ011,RJC131,RJ305,Pali,Circle-Sumerpur,Circle-Sumerpur - Ward-III
RJZ011,RJC131,RJ561,Pali,Circle-Sumerpur,"Circle-Sumerpur, AC / CTO Ward"
RJZ012,RJC139,RJ462,Sriganganager,Circle Raisinghnagar,Circle-Raisinghnagar - Ward-I
RJZ012,RJC139,RJ463,Sriganganager,Circle Raisinghnagar,"Circle-Raisinghnagar - Ward-II Headquarter, Padampur"
RJZ012,RJC139,RJ566,Sriganganager,Circle Raisinghnagar,"Circle-Raisinghnagar, AC / CTO Ward"
RJZ012,RJC140,RJ306,Sriganganager,Circle Suratgarh,Circle-Suratgarh - Ward-I
RJZ012,RJC140,RJ307,Sriganganager,Circle Suratgarh,"Circle-Suratgarh - Ward-II Headquarter, Sri Vijaynagar"
RJZ012,RJC140,RJ308,Sriganganager,Circle Suratgarh,"Circle-Suratgarh - Ward-III Headquarter, Anupgarh"
RJZ012,RJC140,RJ567,Sriganganager,Circle Suratgarh,"Circle-Suratgarh, AC / CTO Ward"
RJZ012,RJC135,RJ068,Sriganganager,Circle-A Hanumangarh,"Circle-A, Hanumangarh - Ward-I"
RJZ012,RJC135,RJ389,Sriganganager,Circle-A Hanumangarh,"Circle-A, Hanumangarh - Ward-II Headquarter, Nohar"
RJZ012,RJC135,RJ390,Sriganganager,Circle-A Hanumangarh,"Circle-A, Hanumangarh - Ward-III Headquarter, Nohar"
RJZ012,RJC135,RJ564,Sriganganager,Circle-A Hanumangarh,"Circle-A, Hanumangarh, AC / CTO Ward"
RJZ012,RJC136,RJ088,Sriganganager,Circle-A Sriganganagar,"Circle-A, Sriganganagar - Ward-I"
RJZ012,RJC136,RJ089,Sriganganager,Circle-A Sriganganagar,"Circle-A, Sriganganagar - Ward-II"
RJZ012,RJC136,RJ562,Sriganganager,Circle-A Sriganganagar,"Circle-A, Sriganganagar, AC / CTO Ward"
RJZ012,RJC137,RJ112,Sriganganager,Circle-B Hanumangarh,"Circle-B, Hanumangarh - Ward-I"
RJZ012,RJC137,RJ113,Sriganganager,Circle-B Hanumangarh,"Circle-B, Hanumangarh - Ward-II"
RJZ012,RJC137,RJ114,Sriganganager,Circle-B Hanumangarh,"Circle-B, Hanumangarh - Ward-III"
RJZ012,RJC137,RJ565,Sriganganager,Circle-B Hanumangarh,"Circle-B, Hanumangarh, AC / CTO Ward"
RJZ012,RJC138,RJ129,Sriganganager,Circle-B Sriganganagar,"Circle-B, Sriganganagar - Ward-I"
RJZ012,RJC138,RJ130,Sriganganager,Circle-B Sriganganagar,"Circle-B, Sriganganagar - Ward-II"
RJZ012,RJC138,RJ563,Sriganganager,Circle-B Sriganganagar,"Circle-B, Sriganganagar, AC / CTO Ward"
RJZ012,RJC271,RJ943,Sriganganager,Circle-C Hanumangarh,"Circle-C, Hanumangarh - Ward-I"
RJZ012,RJC271,RJ944,Sriganganager,Circle-C Hanumangarh,"Circle-C, Hanumangarh - Ward-II"
RJZ012,RJC271,RJ942,Sriganganager,Circle-C Hanumangarh,"Circle-C, Hanumangarh, AC / CTO Ward"
RJZ012,RJC270,RJ940,Sriganganager,Circle-C Sriganganagar,"Circle-C, Sriganganagar - Ward-I"
RJZ012,RJC270,RJ941,Sriganganager,Circle-C Sriganganagar,"Circle-C, Sriganganagar - Ward-II"
RJZ012,RJC270,RJ939,Sriganganager,Circle-C Sriganganagar,"Circle-C, Sriganganagar, AC / CTO Ward"
RJZ013,RJC276,RJ957,Udaipur,Circle A - Banswara,Circle A - Banswara - Ward-I
RJZ013,RJC276,RJ958,Udaipur,Circle A - Banswara,Circle A - Banswara - Ward-II
RJZ013,RJC276,RJ956,Udaipur,Circle A - Banswara,"Circle A - Banswara, AC / CTO Ward"
RJZ013,RJC277,RJ960,Udaipur,Circle B - Banswara,Circle B - Banswara - Ward-I
RJZ013,RJC277,RJ961,Udaipur,Circle B - Banswara,Circle B - Banswara - Ward-II
RJZ013,RJC277,RJ959,Udaipur,Circle B - Banswara,"Circle B - Banswara, AC / CTO Ward"
RJZ013,RJC146,RJ091,Udaipur,Circle-A Udaipur,"Circle-A, Udaipur - Ward-I"
RJZ013,RJC146,RJ092,Udaipur,Circle-A Udaipur,"Circle-A, Udaipur - Ward-II"
RJZ013,RJC146,RJ093,Udaipur,Circle-A Udaipur,"Circle-A, Udaipur - Ward-III"
RJZ013,RJC146,RJ568,Udaipur,Circle-A Udaipur,"Circle-A, Udaipur, AC / CTO Ward"
RJZ013,RJC147,RJ132,Udaipur,Circle-B Udaipur,"Circle-B, Udaipur - Ward-I"
RJZ013,RJC147,RJ133,Udaipur,Circle-B Udaipur,"Circle-B, Udaipur - Ward-II"
RJZ013,RJC147,RJ134,Udaipur,Circle-B Udaipur,"Circle-B, Udaipur - Ward-III"
RJZ013,RJC147,RJ569,Udaipur,Circle-B Udaipur,"Circle-B, Udaipur, AC / CTO Ward"
RJZ013,RJC149,RJ170,Udaipur,Circle-C Udaipur,"Circle-C, Udaipur - Ward-I"
RJZ013,RJC149,RJ171,Udaipur,Circle-C Udaipur,"Circle-C, Udaipur - Ward-II"
RJZ013,RJC149,RJ173,Udaipur,Circle-C Udaipur,"Circle-C, Udaipur - Ward-III"
RJZ013,RJC149,RJ570,Udaipur,Circle-C Udaipur,"Circle-C, Udaipur, AC / CTO Ward"
RJZ013,RJC273,RJ948,Udaipur,Circle-D Udaipur,"Circle-D, Udaipur - Ward-I"
RJZ013,RJC273,RJ949,Udaipur,Circle-D Udaipur,"Circle-D, Udaipur - Ward-II"
RJZ013,RJC273,RJ947,Udaipur,Circle-D Udaipur,"Circle-D, Udaipur, AC / CTO Ward"
RJZ013,RJC150,RJ200,Udaipur,Circle-Dungarpur,Circle-Dungarpur - Ward-I
RJZ013,RJC150,RJ202,Udaipur,Circle-Dungarpur,Circle-Dungarpur - Ward-II
RJZ013,RJC150,RJ201,Udaipur,Circle-Dungarpur,"Circle-Dungarpur - Ward-III Headquarter, Sagwara"
RJZ013,RJC150,RJ572,Udaipur,Circle-Dungarpur,"Circle-Dungarpur, AC / CTO Ward"
RJZ013,RJC274,RJ951,Udaipur,Circle-E Udaipur,"Circle-E, Udaipur - Ward-I"
RJZ013,RJC274,RJ952,Udaipur,Circle-E Udaipur,"Circle-E, Udaipur - Ward-II Headquarter, Kherwara"
RJZ013,RJC274,RJ950,Udaipur,Circle-E Udaipur,"Circle-E, Udaipur, AC / CTO Ward"
RJZ013,RJC275,RJ954,Udaipur,Circle-F Udaipur,"Circle-F, Udaipur - Ward-I"
RJZ013,RJC275,RJ955,Udaipur,Circle-F Udaipur,"Circle-F, Udaipur - Ward-II Headquarter, Fatehnagar"
RJZ013,RJC275,RJ953,Udaipur,Circle-F Udaipur,"Circle-F, Udaipur, AC / CTO Ward"
